user_id,username,email
1,joycolon,scottfernandez@example.org
2,xavier21,joelbrown@example.org
3,fostervictor,william07@example.net
4,robertmcdonald,whitehelen@example.org
5,anacarrillo,jasmine66@example.org
6,hday,ibell@example.org
7,matthewturner,roberta05@example.net
8,jonathanwilson,jeffreymoore@example.net
9,williamsbrian,thomasomar@example.org
10,phenson,keithwatson@example.net
11,vickischmidt,wclayton@example.com
12,brittneywelch,perryjulia@example.net
13,raymondlewis,joelwalker@example.com
14,tina25,roberthodges@example.com
15,dleblanc,heathercoleman@example.com
16,mhill,larry22@example.org
17,jmorgan,amber12@example.org
18,zedwards,kathleen37@example.com
19,simpsoncolleen,moorechristine@example.org
20,robersonjohn,osandoval@example.net
21,johntaylor,moorenicole@example.net
22,ian54,russell07@example.com
23,tlee,sgeorge@example.net
24,kriley,heather31@example.net
25,abbottnicole,crandolph@example.com
26,david00,boothmichael@example.org
27,astark,dorothymorrison@example.com
28,younggina,howematthew@example.com
29,millerbeth,stacyhowe@example.com
30,carriemyers,carsonkara@example.net
31,madeline49,ljackson@example.com
32,torrescatherine,xprice@example.com
33,amanda64,frankfranklin@example.org
34,matthew80,timothydean@example.com
35,singletonkellie,hartmanmark@example.net
36,morganmary,berrytyler@example.com
37,uperez,ebrown@example.net
38,hicksgregory,armstrongfrank@example.com
39,kelseycopeland,qbrown@example.net
40,randall03,tracy84@example.net
41,deborah63,mcknightlee@example.org
42,vasquezdaniel,gomezmary@example.com
43,amyvasquez,davidholloway@example.org
44,wgreen,rhunter@example.net
45,ohoward,leepamela@example.com
46,charles50,yparker@example.org
47,higginsjohn,bowmanamanda@example.com
48,stephen29,ryan04@example.org
49,vavila,todd38@example.com
50,ejohnson,coltonbrooks@example.com
